hla,hla_type,peptide,AA Composition,Polarity,Volume,Net Charge,Hydrophobicity,Boman Index,Aliphatic Index,Isoelectric Point,immunogenicity_score
HLA-A*02:01,HLA-I,ILDAIELAV,"2, 4, 7, 0, 7, 2, 2, 0, 2, 22.222, 44.444, 77.778, 0, 77.778, 22.222, 22.222, 0, 22.222",-1.0,1233.0,-1.9997940937064382,1.9333333333333331,-1.3122222222222222,227.77777777777777,3.550064328345788,0.9916707277297974
HLA-A*02:01,HLA-I,MLAAKTTVPV,"4, 7, 5, 0, 7, 3, 1, 1, 0, 40, 70, 50, 0, 70, 30, 10, 10, 0",-1.0,1308.3,0.9976892655407432,1.08,-0.8280000000000001,117.0,9.700015683334144,0.9848695993423462
HLA-A*02:07,HLA-I,ILDAIELAV,"2, 4, 7, 0, 7, 2, 2, 0, 2, 22.222, 44.444, 77.778, 0, 77.778, 22.222, 22.222, 0, 22.222",-1.0,1233.0,-1.9997940937064382,1.9333333333333331,-1.3122222222222222,227.77777777777777,3.550064328345788,0.9916707277297974
HLA-A*02:01,HLA-I,ALGNPEDFPV,"2, 7, 3, 1, 7, 3, 2, 0, 2, 20, 70, 30, 10, 70, 30, 20, 0, 20",-1.0,1238.7,-1.9997940937064382,-0.15000000000000005,0.748,78.0,3.550064328345788,0.6886934041976929
HLA-A*02:01,HLA-I,ALGDWRAEV,"3, 5, 4, 1, 6, 3, 3, 1, 2, 33.333, 55.556, 44.444, 11.111, 66.667, 33.333, 33.333, 11.111, 22.222",2.0,1195.1,-0.9997974050066881,-0.13333333333333333,1.6222222222222222,97.77777777777776,4.184406256773806,0.7510312795639038
HLA-A*02:01,HLA-I,GMLAAKTTV,"5, 6, 4, 0, 6, 3, 1, 1, 0, 55.556, 66.667, 44.444, 0, 66.667, 33.333, 11.111, 11.111, 0",1.0,1113.4,0.9976892655407432,0.8666666666666667,-0.5755555555555556,97.77777777777776,9.700015683334144,0.9211065769195557
